"Auto-Reply Confirmation Email","Auto-Reply Confirmation Email"
"Send Confirmation Email","Send Confirmation Email"
"Email the visitor a confirmation/auto-reply after they submit the contact form.","Email the visitor a confirmation/auto-reply after they submit the contact form."
"Email Template","Email Template"
"Email template chosen for the auto-reply.","Email template chosen for the auto-reply."
"Email Sender","Email Sender"
"Store email identity used as the From address.","Store email identity used as the From address."
"Contact Form Auto-Reply","Contact Form Auto-Reply"
"We received your message","We received your message"
"Hi %name,","Hi %name,"
"Thank you for contacting %store_name. We have received your message and a member of our team will get back to you as soon as possible.","Thank you for contacting %store_name. We have received your message and a member of our team will get back to you as soon as possible."
"For your records, here is a copy of what you sent us:","For your records, here is a copy of what you sent us:"
"Telephone","Telephone"
"Message","Message"
"If you did not submit this request, you can safely ignore this email.","If you did not submit this request, you can safely ignore this email."
